{
  "missoes": [
    {
      "cod-missao": "pata de coelho",
      "versao": 1,
      "dificuldade": "facil",
      "tipo": "resgate",
      "edificio": ["Heliporto", "Escada 6", "Camaratas", "Armazém", "Escada 5",
        "Laboratório", "Escritório 3", "Escada 4", "WC", "Corredor 2",
        "Segurança", "Hall", "Escada 3", "Escritório 1", "Escritório 2",
        "Escada de Emergência", "Corredor 1", "Escada 2", "Porteiro",
        "Escada 1", "Garagem"],
      "ligacoes": [
        ["Garagem", "Escada 1"],
        ["Garagem", "Escada de Emergência"],
        ["Escritório 1", "Escada de Emergência"],
        ["Porteiro", "Escada 1"],
        ["Porteiro", "Escada 2"],
        ["Corredor 1", "Escada 2"],
        ["Corredor 1", "Escritório 1"],
        ["Corredor 1", "Escritório 2"],
        ["Corredor 1", "Escada 3"],
        ["Hall", "Escada 3"],
        ["Hall", "Segurança"],
        ["Corredor 2", "Segurança"],
        ["Corredor 2", "WC"],
        ["Corredor 2", "Escada 4"],
        ["Escritório 3", "Escada 4"],
        ["Escritório 3", "Escada 5"],
        ["Laboratório", "Escada 5"],
        ["Armazém", "Escada 5"],
        ["Camaratas", "Escada 5"],
        ["Camaratas", "Escada 6"],
        ["Heliporto", "Escada 6"]
      ],
      "inimigos": [
        {"nome": "badguy1", "poder": 5, "divisao": "Heliporto"},
        {"nome": "badguy2", "poder": 15, "divisao": "Heliporto"},
        {"nome": "badguy3", "poder": 25, "divisao": "Camaratas"},
        {"nome": "badguy4", "poder": 15, "divisao": "Segurança"},
        {"nome": "badguy5", "poder": 15, "divisao": "Corredor 1"}
      ],
      "entradas-saidas": ["Escada de Emergência", "Garagem", "Heliporto", "Porteiro"],
      "alvo": {"divisao": "Laboratório", "tipo": "quimico"},
      "itens": [
        {"nome": "Kit Básico","divisao": "WC", "pontos-recuperados": 20, "tipo":"kit de vida"},
        {"nome": "Kit Básico","divisao": "Escritório 1", "pontos-recuperados": 15, "tipo":"kit de vida"},
        {"nome": "Colete Básico", "divisao": "Escada 2", "pontos-extra": 25, "tipo":"colete"}
      ]
    },
    {
      "cod-missao": "pata de coelho",
      "versao": 2,
      "dificuldade": "facil",
      "tipo": "resgate",
      "edificio": ["Heliporto", "Escada 6", "Camaratas", "Armazém", "Escada 5",
        "Laboratório", "Escritório 3", "Escada 4", "WC", "Corredor 2",
        "Segurança", "Hall", "Biblioteca", "Escritório 2",
        "Escada de Emergência", "Cozinha", "Escada 2", "Porteiro",
        "Escada 1", "Garagem", "Auditório"],
      "ligacoes": [
        ["Garagem", "Escada 1"],
        ["Garagem", "Escada de Emergência"],
        ["Escritório 1", "Escada de Emergência"],
        ["Porteiro", "Escada 1"],
        ["Porteiro", "Escada 2"],
        ["Cozinha", "Escada 2"],
        ["Cozinha", "Escritório 1"],
        ["Cozinha", "Escritório 2"],
        ["Cozinha", "Hall"],
        ["Hall", "Biblioteca"],
        ["Hall", "Segurança"],
        ["Corredor 2", "Segurança"],
        ["Corredor 2", "WC"],
        ["Corredor 2", "Escada 4"],
        ["Escritório 3", "Escada 4"],
        ["Escritório 3", "Escada 5"],
        ["Laboratório", "Escada 5"],
        ["Armazém", "Escada 5"],
        ["Camaratas", "Escada 5"],
        ["Camaratas", "Escada 6"],
        ["Heliporto", "Escada 6"],
        ["Auditório", "Escada de Emergência"]
      ],
      "inimigos": [
        {"nome": "Guarda", "poder": 10, "divisao": "Segurança"},
        {"nome": "Agente de Patrulha", "poder": 15, "divisao": "Corredor 2"},
        {"nome": "Chefe de Segurança", "poder": 30, "divisao": "Heliporto"},
        {"nome": "Supervisor", "poder": 20, "divisao": "Laboratório"},
        {"nome": "Infiltrador", "poder": 18, "divisao": "Auditório"}
      ],
      "entradas-saidas": ["Escada de Emergência", "Garagem", "Biblioteca"],
      "alvo": {"divisao": "Segurança", "tipo": "documento confidencial"},
      "itens": [
        {"nome": "Kit Básico", "divisao": "WC", "pontos-recuperados": 20, "tipo": "kit de vida"},
        {"nome": "Kit Avançado", "divisao": "Segurança", "pontos-recuperados": 25, "tipo": "kit de vida"},
        {"nome": "Colete Básico", "divisao": "Corredor 1", "pontos-extra": 25, "tipo": "colete"},
        {"nome": "Colete Avançado", "divisao": "Camaratas", "pontos-extra": 45, "tipo": "colete"}
      ]
    },
    {
      "cod-missao": "pata de coelho",
      "versao": 3,
      "dificuldade": "medio",
      "tipo": "resgate",
      "edificio": ["Heliporto", "Escada 6", "Camaratas", "Armazém", "Escada 5",
        "Laboratório", "Escritório 3", "Escada 4","Escada 3", "WC", "Corredor 2",
        "Segurança", "Hall", "Biblioteca", "Escritório 2", "Escada de Emergência",
        "Cozinha", "Escada 2", "Porteiro", "Escada 1", "Garagem", "Auditório", "Refeitório"],
      "ligacoes": [
        ["Garagem", "Escada 1"],
        ["Garagem", "Escada de Emergência"],
        ["Escritório 1", "Escada de Emergência"],
        ["Porteiro", "Escada 1"],
        ["Porteiro", "Escada 2"],
        ["Cozinha", "Escada 2"],
        ["Cozinha", "Escritório 1"],
        ["Cozinha", "Escritório 2"],
        ["Cozinha", "Escada 3"],
        ["Cozinha", "Hall"],
        ["Hall", "Biblioteca"],
        ["Hall", "Segurança"],
        ["Corredor 2", "Segurança"],
        ["Corredor 2", "WC"],
        ["Corredor 2", "Escada 4"],
        ["Escritório 3", "Escada 4"],
        ["Escritório 3", "Escada 5"],
        ["Laboratório", "Escada 5"],
        ["Armazém", "Escada 5"],
        ["Camaratas", "Escada 5"],
        ["Camaratas", "Escada 6"],
        ["Heliporto", "Escada 6"],
        ["Auditório", "Escada de Emergência"],
        ["Refeitório", "Escada 3"]
      ],
      "inimigos": [
        {"nome": "Guarda", "poder": 15, "divisao": "Segurança"},
        {"nome": "Agente de Patrulha", "poder": 25, "divisao": "Corredor 2"},
        {"nome": "Chefe de Segurança", "poder": 40, "divisao": "Heliporto"},
        {"nome": "Supervisor", "poder": 35, "divisao": "Laboratório"},
        {"nome": "Infiltrador", "poder": 30, "divisao": "Auditório"},
        {"nome": "Mestre de Armas", "poder": 50, "divisao": "Refeitório"}
      ],
      "entradas-saidas": ["Escada de Emergência", "Garagem", "Biblioteca", "Refeitório"],
      "alvo": {"divisao": "Armazém", "tipo": "documento confidencial"},
      "itens": [
        {"nome": "Kit Básico", "divisao": "WC", "pontos-recuperados": 20, "tipo": "kit de vida"},
        {"nome": "Kit Avançado", "divisao": "Segurança", "pontos-recuperados": 25, "tipo": "kit de vida"},
        {"nome": "Kit Avançado", "divisao": "Porteiro", "pontos-recuperados": 25, "tipo": "kit de vida"},
        {"nome": "Colete Básico", "divisao": "Corredor 1", "pontos-extra": 25, "tipo": "colete"},
        {"nome": "Colete Básico", "divisao": "Refeitório", "pontos-extra": 25, "tipo": "colete"},
        {"nome": "Colete Avançado", "divisao": "Camaratas", "pontos-extra": 45, "tipo": "colete"}
      ]
    },
    {
      "cod-missao": "pata de coelho",
      "versao": 4,
      "dificuldade": "dificil",
      "tipo": "resgate",
      "edificio": ["Heliporto", "Escada 6", "Camaratas", "Armazém", "Escada 5",
        "Laboratório", "Escritório 3", "Escada 4","Escada 3", "WC", "Corredor 2",
        "Segurança", "Hall", "Biblioteca", "Escritório 2", "Escada de Emergência",
        "Cozinha", "Escada 2", "Porteiro", "Escada 1", "Garagem", "Auditório", "Refeitório", "Cave", "Estacionamento"],
      "ligacoes": [
        ["Garagem", "Escada 1"],
        ["Garagem", "Escada de Emergência"],
        ["Escritório 1", "Escada de Emergência"],
        ["Porteiro", "Escada 1"],
        ["Porteiro", "Escada 2"],
        ["Cozinha", "Escada 2"],
        ["Cozinha", "Escritório 1"],
        ["Cozinha", "Escritório 2"],
        ["Cozinha", "Hall"],
        ["Hall", "Biblioteca"],
        ["Hall", "Segurança"],
        ["Escada 3", "Segurança"],
        ["Corredor 2", "Escada 3"],
        ["Corredor 2", "WC"],
        ["Corredor 2", "Escada 4"],
        ["Escritório 3", "Escada 4"],
        ["Escritório 3", "Escada 5"],
        ["Laboratório", "Escada 5"],
        ["Armazém", "Escada 5"],
        ["Camaratas", "Escada 5"],
        ["Camaratas", "Escada 6"],
        ["Heliporto", "Escada 6"],
        ["Auditório", "Escada de Emergência"],
        ["Refeitório", "Escada 4"],
        ["Estacionamento", "Escada de Emergência"],
        ["Cave", "Estacionamento"]
      ],
      "inimigos": [
        {"nome": "Guarda", "poder": 25, "divisao": "Segurança"},
        {"nome": "Agente de Patrulha", "poder": 35, "divisao": "Corredor 2"},
        {"nome": "Chefe de Segurança", "poder": 50, "divisao": "Heliporto"},
        {"nome": "Supervisor", "poder": 45, "divisao": "Laboratório"},
        {"nome": "Infiltrador", "poder": 40, "divisao": "Auditório"},
        {"nome": "Mestre de Armas", "poder": 55, "divisao": "Refeitório"},
        {"nome": "Líder Inimigo", "poder": 75, "divisao": "Cave"}
      ],
      "entradas-saidas": ["Escada de Emergência", "Garagem", "Biblioteca", "Auditório", "Refeitório", "Estacionamento"],
      "alvo": {"divisao": "Cave", "tipo": "documento confidencial"},
      "itens": [
        {"nome": "Kit Básico", "divisao": "WC", "pontos-recuperados": 20, "tipo": "kit de vida"},
        {"nome": "Kit Básico", "divisao": "Auditório", "pontos-recuperados": 20, "tipo": "kit de vida"},
        {"nome": "Kit Avançado", "divisao": "Segurança", "pontos-recuperados": 25, "tipo": "kit de vida"},
        {"nome": "Colete Básico", "divisao": "Corredor 1", "pontos-extra": 25, "tipo": "colete"},
        {"nome": "Colete Avançado", "divisao": "Camaratas", "pontos-extra": 45, "tipo": "colete"}
      ]
    }
  ]
}